address,Time step,class,num_txs_as_sender,num_txs_as receiver,first_block_appeared_in,last_block_appeared_in,lifetime_in_blocks,total_txs,first_sent_block,first_received_block,num_timesteps_appeared_in,btc_transacted_total,btc_transacted_min,btc_transacted_max,btc_transacted_mean,btc_transacted_median,btc_sent_total,btc_sent_min,btc_sent_max,btc_sent_mean,btc_sent_median,btc_received_total,btc_received_min,btc_received_max,btc_received_mean,btc_received_median,fees_total,fees_min,fees_max,fees_mean,fees_median,fees_as_share_total,fees_as_share_min,fees_as_share_max,fees_as_share_mean,fees_as_share_median,blocks_btwn_txs_total,blocks_btwn_txs_min,blocks_btwn_txs_max,blocks_btwn_txs_mean,blocks_btwn_txs_median,blocks_btwn_input_txs_total,blocks_btwn_input_txs_min,blocks_btwn_input_txs_max,blocks_btwn_input_txs_mean,blocks_btwn_input_txs_median,blocks_btwn_output_txs_total,blocks_btwn_output_txs_min,blocks_btwn_output_txs_max,blocks_btwn_output_txs_mean,blocks_btwn_output_txs_median,num_addr_transacted_multiple,transacted_w_address_total,transacted_w_address_min,transacted_w_address_max,transacted_w_address_mean,transacted_w_address_median
1111DAYXhoxZx2tsRnzimfozo783x1yC2,25,3,0.0,8.0,439589.0,485959.0,46370.0,8.0,0.0,439589.0,6.0,0.27304573,0.00390045,0.13377712,0.03413071625,0.01435218,0.0,0.0,0.0,0.0,0.0,0.27304573,0.00390045,0.13377712,0.03413071625,0.01435218,0.00237122,0.00012224,0.00057984,0.0002964025,0.00024192000000000001,0.00221703277431168,0.00012149330742853899,0.0005230928421983601,0.00027712909678896,0.000237477640927312,46370.0,0.0,20164.0,6624.28571428571,8060.0,0.0,0.0,0.0,0.0,0.0,46370.0,0.0,20164.0,6624.28571428571,8060.0,0.0,8.0,1.0,1.0,1.0,1.0
1111DAYXhoxZx2tsRnzimfozo783x1yC2,29,3,0.0,8.0,439589.0,485959.0,46370.0,8.0,0.0,439589.0,6.0,0.27304573,0.00390045,0.13377712,0.03413071625,0.01435218,0.0,0.0,0.0,0.0,0.0,0.27304573,0.00390045,0.13377712,0.03413071625,0.01435218,0.00237122,0.00012224,0.00057984,0.0002964025,0.00024192000000000001,0.00221703277431168,0.00012149330742853899,0.0005230928421983601,0.00027712909678896,0.000237477640927312,46370.0,0.0,20164.0,6624.28571428571,8060.0,0.0,0.0,0.0,0.0,0.0,46370.0,0.0,20164.0,6624.28571428571,8060.0,0.0,8.0,1.0,1.0,1.0,1.0
1111DAYXhoxZx2tsRnzimfozo783x1yC2,39,3,0.0,8.0,439589.0,485959.0,46370.0,8.0,0.0,439589.0,6.0,0.27304573,0.00390045,0.13377712,0.03413071625,0.01435218,0.0,0.0,0.0,0.0,0.0,0.27304573,0.00390045,0.13377712,0.03413071625,0.01435218,0.00237122,0.00012224,0.00057984,0.0002964025,0.00024192000000000001,0.00221703277431168,0.00012149330742853899,0.0005230928421983601,0.00027712909678896,0.000237477640927312,46370.0,0.0,20164.0,6624.28571428571,8060.0,0.0,0.0,0.0,0.0,0.0,46370.0,0.0,20164.0,6624.28571428571,8060.0,0.0,8.0,1.0,1.0,1.0,1.0
1111DAYXhoxZx2tsRnzimfozo783x1yC2,43,3,0.0,8.0,439589.0,485959.0,46370.0,8.0,0.0,439589.0,6.0,0.27304573,0.00390045,0.13377712,0.03413071625,0.01435218,0.0,0.0,0.0,0.0,0.0,0.27304573,0.00390045,0.13377712,0.03413071625,0.01435218,0.00237122,0.00012224,0.00057984,0.0002964025,0.00024192000000000001,0.00221703277431168,0.00012149330742853899,0.0005230928421983601,0.00027712909678896,0.000237477640927312,46370.0,0.0,20164.0,6624.28571428571,8060.0,0.0,0.0,0.0,0.0,0.0,46370.0,0.0,20164.0,6624.28571428571,8060.0,0.0,8.0,1.0,1.0,1.0,1.0
1111DAYXhoxZx2tsRnzimfozo783x1yC2,47,3,0.0,8.0,439589.0,485959.0,46370.0,8.0,0.0,439589.0,6.0,0.27304573,0.00390045,0.13377712,0.03413071625,0.01435218,0.0,0.0,0.0,0.0,0.0,0.27304573,0.00390045,0.13377712,0.03413071625,0.01435218,0.00237122,0.00012224,0.00057984,0.0002964025,0.00024192000000000001,0.00221703277431168,0.00012149330742853899,0.0005230928421983601,0.00027712909678896,0.000237477640927312,46370.0,0.0,20164.0,6624.28571428571,8060.0,0.0,0.0,0.0,0.0,0.0,46370.0,0.0,20164.0,6624.28571428571,8060.0,0.0,8.0,1.0,1.0,1.0,1.0
1111DAYXhoxZx2tsRnzimfozo783x1yC2,48,3,0.0,8.0,439589.0,485959.0,46370.0,8.0,0.0,439589.0,6.0,0.27304573,0.00390045,0.13377712,0.03413071625,0.01435218,0.0,0.0,0.0,0.0,0.0,0.27304573,0.00390045,0.13377712,0.03413071625,0.01435218,0.00237122,0.00012224,0.00057984,0.0002964025,0.00024192000000000001,0.00221703277431168,0.00012149330742853899,0.0005230928421983601,0.00027712909678896,0.000237477640927312,46370.0,0.0,20164.0,6624.28571428571,8060.0,0.0,0.0,0.0,0.0,0.0,46370.0,0.0,20164.0,6624.28571428571,8060.0,0.0,8.0,1.0,1.0,1.0,1.0
12SYpGBHHEXzNs287JecmMSVwkred69jD8,25,2,1.0,0.0,439584.0,439584.0,0.0,1.0,439584.0,0.0,1.0,0.05082461,0.05082461,0.05082461,0.05082461,0.05082461,0.05082461,0.05082461,0.05082461,0.05082461,0.05082461,0.0,0.0,0.0,0.0,0.0,0.00328022,0.00328022,0.00328022,0.00328022,0.00328022,2.2368941773645e-05,2.2368941773645e-05,2.2368941773645e-05,2.2368941773645e-05,2.2368941773645e-05,0.0,0.0,0.0,0.0,0.0,0.0,0.0,0.0,0.0,0.0,0.0,0.0,0.0,0.0,0.0,0.0,2.0,1.0,1.0,1.0,1.0
12z4c1oy3gBtawj4ZnPWndZA1GP2Vfof4N,25,2,1.0,0.0,439584.0,439584.0,0.0,1.0,439584.0,0.0,1.0,0.39568913,0.39568913,0.39568913,0.39568913,0.39568913,0.39568913,0.39568913,0.39568913,0.39568913,0.39568913,0.0,0.0,0.0,0.0,0.0,0.00328022,0.00328022,0.00328022,0.00328022,0.00328022,0.0001741508121643,0.0001741508121643,0.0001741508121643,0.0001741508121643,0.0001741508121643,0.0,0.0,0.0,0.0,0.0,0.0,0.0,0.0,0.0,0.0,0.0,0.0,0.0,0.0,0.0,0.0,2.0,1.0,1.0,1.0,1.0
13EFHxj7Qy2nQHZQzS5Va4JiZCQnVV3yQm,48,2,1.0,0.0,485953.0,485953.0,0.0,1.0,485953.0,0.0,1.0,0.00226811,0.00226811,0.00226811,0.00226811,0.00226811,0.00226811,0.00226811,0.00226811,0.00226811,0.00226811,0.0,0.0,0.0,0.0,0.0,0.0042,0.0042,0.0042,0.0042,0.0042,3.38948927852382e-06,3.38948927852382e-06,3.38948927852382e-06,3.38948927852382e-06,3.38948927852382e-06,0.0,0.0,0.0,0.0,0.0,0.0,0.0,0.0,0.0,0.0,0.0,0.0,0.0,0.0,0.0,0.0,7.0,1.0,1.0,1.0,1.0
13SND53RSx7HP8adimBG8gLe2Lh1mKdV7v,25,3,1.0,1.0,439587.0,439589.0,2.0,2.0,439589.0,439587.0,1.0,0.0737804,0.0368902,0.0368902,0.0368902,0.0368902,0.0368902,0.0,0.0368902,0.0184451,0.0184451,0.0368902,0.0,0.0368902,0.0184451,0.0184451,0.0004512,0.0001956,0.0002556,0.0002256,0.0002256,0.0004355378475982,0.0001956,0.0002399378475982,0.0002177689237991,0.0002177689237991,2.0,2.0,2.0,2.0,2.0,0.0,0.0,0.0,0.0,0.0,0.0,0.0,0.0,0.0,0.0,0.0,6.0,1.0,1.0,1.0,1.0
13vEuTUCzbFTktTAzur9oDhsZrkCkqVAfU,48,2,1.0,0.0,485953.0,485953.0,0.0,1.0,485953.0,0.0,1.0,0.00157396,0.00157396,0.00157396,0.00157396,0.00157396,0.00157396,0.00157396,0.00157396,0.00157396,0.00157396,0.0,0.0,0.0,0.0,0.0,0.0042,0.0042,0.0042,0.0042,0.0042,2.35214365477219e-06,2.35214365477219e-06,2.35214365477219e-06,2.35214365477219e-06,2.35214365477219e-06,0.0,0.0,0.0,0.0,0.0,0.0,0.0,0.0,0.0,0.0,0.0,0.0,0.0,0.0,0.0,0.0,7.0,1.0,1.0,1.0,1.0
14bYFMoMEibtEPJD4ZuRHLhizjERqicgia,43,3,1.0,1.0,475872.0,475873.0,1.0,2.0,475873.0,475872.0,1.0,0.03018358,0.01509179,0.01509179,0.01509179,0.01509179,0.01509179,0.0,0.01509179,0.007545895,0.007545895,0.01509179,0.0,0.01509179,0.007545895,0.007545895,0.00199989,0.00099749,0.0010024,0.000999945,0.000999945,0.0008610179661373,0.0003172707388401,0.0005437472272971,0.0004305089830686,0.0004305089830686,1.0,1.0,1.0,1.0,1.0,0.0,0.0,0.0,0.0,0.0,0.0,0.0,0.0,0.0,0.0,0.0,5.0,1.0,1.0,1.0,1.0
14ibyU1iKPsvn59f5dNvV9BjDZDCiCogw2,47,3,1.0,0.0,483938.0,483938.0,0.0,1.0,483938.0,0.0,1.0,0.015,0.015,0.015,0.015,0.015,0.015,0.015,0.015,0.015,0.015,0.0,0.0,0.0,0.0,0.0,1.13e-05,1.13e-05,1.13e-05,1.13e-05,1.13e-05,1.13e-05,1.13e-05,1.13e-05,1.13e-05,1.13e-05,0.0,0.0,0.0,0.0,0.0,0.0,0.0,0.0,0.0,0.0,0.0,0.0,0.0,0.0,0.0,0.0,2.0,1.0,1.0,1.0,1.0
156UcFQenpqx2uM13tGPeCni94grp6drwY,17,3,1.0,1.0,423460.0,423463.0,3.0,2.0,423463.0,423460.0,1.0,90.0,45.0,45.0,45.0,45.0,45.0,0.0,45.0,22.5,22.5,45.0,0.0,45.0,22.5,22.5,0.02743149,0.0008514,0.02658009,0.013715745,0.013715745,0.0272527808398374,0.0006726908398374,0.02658009,0.0136263904199187,0.0136263904199187,3.0,3.0,3.0,3.0,3.0,0.0,0.0,0.0,0.0,0.0,0.0,0.0,0.0,0.0,0.0,0.0,2464.0,1.0,1.0,1.0,1.0
15EbDH2HuuipfncSe15xDJNF7G429bFHdh,43,3,1.0,0.0,475872.0,475872.0,0.0,1.0,475872.0,0.0,1.0,0.0111936,0.0111936,0.0111936,0.0111936,0.0111936,0.0111936,0.0111936,0.0111936,0.0111936,0.0111936,0.0,0.0,0.0,0.0,0.0,0.00099749,0.00099749,0.00099749,0.00099749,0.00099749,0.0002353201139348,0.0002353201139348,0.0002353201139348,0.0002353201139348,0.0002353201139348,0.0,0.0,0.0,0.0,0.0,0.0,0.0,0.0,0.0,0.0,0.0,0.0,0.0,0.0,0.0,0.0,3.0,1.0,1.0,1.0,1.0
15FjYqSGgJxh5VsdxscBt759UYSE1Mteh1,46,3,1.0,1.0,481923.0,485953.0,4030.0,2.0,485953.0,481923.0,2.0,0.01243015,0.0025176,0.00991255,0.006215075,0.006215075,0.0025176,0.0,0.0025176,0.0012588,0.0012588,0.00991255,0.0,0.00991255,0.004956275,0.004956275,0.01927413,0.0042,0.01507413,0.009637065,0.009637065,2.10787121963535e-05,3.76232996089766e-06,1.73163822354559e-05,1.05393560981767e-05,1.05393560981767e-05,4030.0,4030.0,4030.0,4030.0,4030.0,0.0,0.0,0.0,0.0,0.0,0.0,0.0,0.0,0.0,0.0,0.0,8.0,1.0,1.0,1.0,1.0
15FjYqSGgJxh5VsdxscBt759UYSE1Mteh1,48,3,1.0,1.0,481923.0,485953.0,4030.0,2.0,485953.0,481923.0,2.0,0.01243015,0.0025176,0.00991255,0.006215075,0.006215075,0.0025176,0.0,0.0025176,0.0012588,0.0012588,0.00991255,0.0,0.00991255,0.004956275,0.004956275,0.01927413,0.0042,0.01507413,0.009637065,0.009637065,2.10787121963535e-05,3.76232996089766e-06,1.73163822354559e-05,1.05393560981767e-05,1.05393560981767e-05,4030.0,4030.0,4030.0,4030.0,4030.0,0.0,0.0,0.0,0.0,0.0,0.0,0.0,0.0,0.0,0.0,0.0,8.0,1.0,1.0,1.0,1.0
15eRPnrKkc7meb9tr2FkUd7y3w5AoLuGvC,25,2,1.0,0.0,439584.0,439584.0,0.0,1.0,439584.0,0.0,1.0,0.229,0.229,0.229,0.229,0.229,0.229,0.229,0.229,0.229,0.229,0.0,0.0,0.0,0.0,0.0,0.00328022,0.00328022,0.00328022,0.00328022,0.00328022,0.000100787544974,0.000100787544974,0.000100787544974,0.000100787544974,0.000100787544974,0.0,0.0,0.0,0.0,0.0,0.0,0.0,0.0,0.0,0.0,0.0,0.0,0.0,0.0,0.0,0.0,2.0,1.0,1.0,1.0,1.0
15qW1RZqCfQveLHJkk9Egd8M7gAu6Crret,43,3,1.0,1.0,475873.0,475875.0,2.0,2.0,475875.0,475873.0,1.0,0.17414644,0.08707322,0.08707322,0.08707322,0.08707322,0.08707322,0.0,0.08707322,0.04353661,0.04353661,0.08707322,0.0,0.08707322,0.04353661,0.04353661,0.00222101,0.001054,0.00116701,0.001110505,0.001110505,0.0015714129234113,0.0005990480514934,0.0009723648719178,0.0007857064617056,0.0007857064617056,2.0,2.0,2.0,2.0,2.0,0.0,0.0,0.0,0.0,0.0,0.0,0.0,0.0,0.0,0.0,0.0,6.0,1.0,1.0,1.0,1.0
16AFZqDU8HmDp6bF7h32aZ32ipGqSbxiAG,48,3,1.0,1.0,485953.0,485957.0,4.0,2.0,485957.0,485953.0,1.0,3.289,1.6445,1.6445,1.6445,1.6445,1.6445,0.0,1.6445,0.82225,0.82225,1.6445,0.0,1.6445,0.82225,0.82225,0.00444182,0.00024182,0.0042,0.00222091,0.00222091,0.002699379429892,0.00024182,0.002457559429892,0.001349689714946,0.001349689714946,4.0,4.0,4.0,4.0,4.0,0.0,0.0,0.0,0.0,0.0,0.0,0.0,0.0,0.0,0.0,0.0,17.0,1.0,1.0,1.0,1.0
16krTPWeAgszUHTByHEi6kGikGQo8MacRJ,45,3,1.0,0.0,479905.0,479905.0,0.0,1.0,479905.0,0.0,1.0,64.44079179,64.44079179,64.44079179,64.44079179,64.44079179,64.44079179,64.44079179,64.44079179,64.44079179,64.44079179,0.0,0.0,0.0,0.0,0.0,0.07827334,0.07827334,0.07827334,0.07827334,0.07827334,0.07827334,0.07827334,0.07827334,0.07827334,0.07827334,0.0,0.0,0.0,0.0,0.0,0.0,0.0,0.0,0.0,0.0,0.0,0.0,0.0,0.0,0.0,0.0,2512.0,1.0,1.0,1.0,1.0
173SSopxuWUWR1Khg99CEV2k8F6sU7fY6Q,43,3,1.0,1.0,475872.0,475873.0,1.0,2.0,475873.0,475872.0,1.0,0.30640338,0.15320169,0.15320169,0.15320169,0.15320169,0.15320169,0.0,0.15320169,0.076600845,0.076600845,0.15320169,0.0,0.15320169,0.076600845,0.076600845,0.00169874,0.00064474,0.001054,0.00084937,0.00084937,0.0014302132731604,0.0003762132731604,0.001054,0.0007151066365802,0.0007151066365802,1.0,1.0,1.0,1.0,1.0,0.0,0.0,0.0,0.0,0.0,0.0,0.0,0.0,0.0,0.0,0.0,9.0,1.0,1.0,1.0,1.0
17RgY9CChkNfYzAQ797DPJva6sUEL4F7ai,25,3,1.0,1.0,439591.0,439591.0,0.0,2.0,439591.0,439591.0,1.0,0.04818814,0.02409407,0.02409407,0.02409407,0.02409407,0.02409407,0.0,0.02409407,0.012047035,0.012047035,0.02409407,0.0,0.02409407,0.012047035,0.012047035,0.0006342,0.0001956,0.0004386,0.0003171,0.0003171,0.0005282626907,0.0001956,0.0003326626907,0.0002641313453,0.0002641313453,0.0,0.0,0.0,0.0,0.0,0.0,0.0,0.0,0.0,0.0,0.0,0.0,0.0,0.0,0.0,0.0,6.0,1.0,1.0,1.0,1.0
17cJX7uw43aEckGKJfwfhPrxAwT5M3UV1U,25,2,1.0,0.0,439584.0,439584.0,0.0,1.0,439584.0,0.0,1.0,0.499,0.499,0.499,0.499,0.499,0.499,0.499,0.499,0.499,0.499,0.0,0.0,0.0,0.0,0.0,0.00328022,0.00328022,0.00328022,0.00328022,0.00328022,0.0002196200216,0.0002196200216,0.0002196200216,0.0002196200216,0.0002196200216,0.0,0.0,0.0,0.0,0.0,0.0,0.0,0.0,0.0,0.0,0.0,0.0,0.0,0.0,0.0,0.0,2.0,1.0,1.0,1.0,1.0
17nfwCJbVY7cB6JRDek4mBt4pLneQfvKPu,25,2,1.0,0.0,439584.0,439584.0,0.0,1.0,439584.0,0.0,1.0,0.006,0.006,0.006,0.006,0.006,0.006,0.006,0.006,0.006,0.006,0.0,0.0,0.0,0.0,0.0,0.00328022,0.00328022,0.00328022,0.00328022,0.00328022,2.640721702e-06,2.640721702e-06,2.640721702e-06,2.640721702e-06,2.640721702e-06,0.0,0.0,0.0,0.0,0.0,0.0,0.0,0.0,0.0,0.0,0.0,0.0,0.0,0.0,0.0,0.0,2.0,1.0,1.0,1.0,1.0
17pUe6Nm1hW1FKMLM3SrEiMxxYeZyTkk5b,26,3,1.0,1.0,441601.0,441601.0,0.0,2.0,441601.0,441601.0,1.0,7.21031336,3.60515668,3.60515668,3.60515668,3.60515668,3.60515668,0.0,3.60515668,1.80257834,1.80257834,3.60515668,0.0,3.60515668,1.80257834,1.80257834,0.00136684,0.00066214,0.0007047,0.00068342,0.00068342,0.001130380388,0.0004256803877,0.0007047,0.0005651901938,0.0005651901938,0.0,0.0,0.0,0.0,0.0,0.0,0.0,0.0,0.0,0.0,0.0,0.0,0.0,0.0,0.0,0.0,13.0,1.0,1.0,1.0,1.0
17wyX4w5KgjXGhr1RhGumTjfXQyKW1aa3S,39,3,1.0,1.0,467808.0,467811.0,3.0,2.0,467811.0,467808.0,1.0,0.9569107,0.47845535,0.47845535,0.47845535,0.47845535,0.47845535,0.0,0.47845535,0.239227675,0.239227675,0.47845535,0.0,0.47845535,0.239227675,0.239227675,0.01453736,0.00612578,0.00841158,0.00726868,0.00726868,0.0008380923005,0.0002988131485,0.0005392791519,0.0004190461501999,0.0004190461501999,3.0,3.0,3.0,3.0,3.0,0.0,0.0,0.0,0.0,0.0,0.0,0.0,0.0,0.0,0.0,0.0,63.0,1.0,1.0,1.0,1.0
187kdQQkJQ1bkvqGPGCoZWTBiJ27ym9Cop,43,3,1.0,1.0,475873.0,475875.0,2.0,2.0,475875.0,475873.0,1.0,0.03486012,0.01743006,0.01743006,0.01743006,0.01743006,0.01743006,0.0,0.01743006,0.00871503,0.00871503,0.01743006,0.0,0.01743006,0.00871503,0.00871503,0.00216941,0.0010024,0.00116701,0.001084705,0.001084705,0.0008226386792999,0.0001946451281,0.0006279935512,0.0004113193397,0.0004113193397,2.0,2.0,2.0,2.0,2.0,0.0,0.0,0.0,0.0,0.0,0.0,0.0,0.0,0.0,0.0,0.0,7.0,1.0,1.0,1.0,1.0
188ysVJUL97CA5GcKpakqXvKu4wPMRjWCd,27,3,1.0,0.0,443617.0,443617.0,0.0,1.0,443617.0,0.0,1.0,12.60867421,12.60867421,12.60867421,12.60867421,12.60867421,12.60867421,12.60867421,12.60867421,12.60867421,12.60867421,0.0,0.0,0.0,0.0,0.0,0.03497043,0.03497043,0.03497043,0.03497043,0.03497043,0.03497043,0.03497043,0.03497043,0.03497043,0.03497043,0.0,0.0,0.0,0.0,0.0,0.0,0.0,0.0,0.0,0.0,0.0,0.0,0.0,0.0,0.0,0.0,1599.0,1.0,1.0,1.0,1.0
18FjkjwfQKTfEEX1y8m9SuytBnhw7ATtRw,26,3,1.0,1.0,441601.0,441601.0,0.0,2.0,441601.0,441601.0,1.0,11.21554346,5.6077717300000005,5.6077717300000005,5.6077717300000005,5.6077717300000005,5.6077717300000005,0.0,5.6077717300000005,2.8038858650000003,2.8038858650000003,5.6077717300000005,0.0,5.6077717300000005,2.8038858650000003,2.8038858650000003,0.00162468,0.00066214,0.00096254,0.00081234,0.00081234,0.001368294575,0.00066214,0.0007061545749,0.0006841472875,0.0006841472875,0.0,0.0,0.0,0.0,0.0,0.0,0.0,0.0,0.0,0.0,0.0,0.0,0.0,0.0,0.0,0.0,12.0,1.0,1.0,1.0,1.0
18TUymRHseWF3UaGneUxwug5UhxwVX1sUU,43,3,1.0,1.0,475875.0,475879.0,4.0,2.0,475879.0,475875.0,1.0,0.09523094,0.04761547,0.04761547,0.04761547,0.04761547,0.04761547,0.0,0.04761547,0.023807735,0.023807735,0.04761547,0.0,0.04761547,0.023807735,0.023807735,0.00140893,0.00024192,0.00116701,0.000704465,0.000704465,0.0007736519193,0.00024192,0.0005317319193,0.0003868259596,0.0003868259596,4.0,4.0,4.0,4.0,4.0,0.0,0.0,0.0,0.0,0.0,0.0,0.0,0.0,0.0,0.0,0.0,3.0,1.0,1.0,1.0,1.0
18Uxz941JjHXkKsHfitmhmYfKwm9GYwNpw,36,3,1.0,0.0,461769.0,461769.0,0.0,1.0,461769.0,0.0,1.0,24.46113827,24.46113827,24.46113827,24.46113827,24.46113827,24.46113827,24.46113827,24.46113827,24.46113827,24.46113827,0.0,0.0,0.0,0.0,0.0,0.03319189,0.03319189,0.03319189,0.03319189,0.03319189,0.03319189,0.03319189,0.03319189,0.03319189,0.03319189,0.0,0.0,0.0,0.0,0.0,0.0,0.0,0.0,0.0,0.0,0.0,0.0,0.0,0.0,0.0,0.0,812.0,1.0,1.0,1.0,1.0
18VfEqbvnFcezUjxG2R6qzGRKv1ZJvdupD,26,3,2.0,3.0,441604.0,485953.0,44349.0,5.0,451684.0,441604.0,4.0,0.00664358,0.00071,0.00203964,0.001328716,0.00115748,0.00317394,0.0,0.00201646,0.000634788,0.0,0.00346964,0.0,0.00203964,0.000693928,0.00071,0.10472888,0.0005,0.05407034,0.020945776,0.01956333,3.990248659e-05,1.805200988e-06,2.6697752690000004e-05,7.980497317000001e-06,3.974751107e-06,44349.0,2.0,34267.0,11087.25,5040.0,34269.0,34269.0,34269.0,34269.0,34269.0,10082.0,2013.0,8069.0,5041.0,5041.0,0.0,12.0,1.0,1.0,1.0,1.0
18VfEqbvnFcezUjxG2R6qzGRKv1ZJvdupD,27,3,2.0,3.0,441604.0,485953.0,44349.0,5.0,451684.0,441604.0,4.0,0.00664358,0.00071,0.00203964,0.001328716,0.00115748,0.00317394,0.0,0.00201646,0.000634788,0.0,0.00346964,0.0,0.00203964,0.000693928,0.00071,0.10472888,0.0005,0.05407034,0.020945776,0.01956333,3.990248659e-05,1.805200988e-06,2.6697752690000004e-05,7.980497317000001e-06,3.974751107e-06,44349.0,2.0,34267.0,11087.25,5040.0,34269.0,34269.0,34269.0,34269.0,34269.0,10082.0,2013.0,8069.0,5041.0,5041.0,0.0,12.0,1.0,1.0,1.0,1.0
18VfEqbvnFcezUjxG2R6qzGRKv1ZJvdupD,31,3,2.0,3.0,441604.0,485953.0,44349.0,5.0,451684.0,441604.0,4.0,0.00664358,0.00071,0.00203964,0.001328716,0.00115748,0.00317394,0.0,0.00201646,0.000634788,0.0,0.00346964,0.0,0.00203964,0.000693928,0.00071,0.10472888,0.0005,0.05407034,0.020945776,0.01956333,3.990248659e-05,1.805200988e-06,2.6697752690000004e-05,7.980497317000001e-06,3.974751107e-06,44349.0,2.0,34267.0,11087.25,5040.0,34269.0,34269.0,34269.0,34269.0,34269.0,10082.0,2013.0,8069.0,5041.0,5041.0,0.0,12.0,1.0,1.0,1.0,1.0
18VfEqbvnFcezUjxG2R6qzGRKv1ZJvdupD,48,3,2.0,3.0,441604.0,485953.0,44349.0,5.0,451684.0,441604.0,4.0,0.00664358,0.00071,0.00203964,0.001328716,0.00115748,0.00317394,0.0,0.00201646,0.000634788,0.0,0.00346964,0.0,0.00203964,0.000693928,0.00071,0.10472888,0.0005,0.05407034,0.020945776,0.01956333,3.990248659e-05,1.805200988e-06,2.6697752690000004e-05,7.980497317000001e-06,3.974751107e-06,44349.0,2.0,34267.0,11087.25,5040.0,34269.0,34269.0,34269.0,34269.0,34269.0,10082.0,2013.0,8069.0,5041.0,5041.0,0.0,12.0,1.0,1.0,1.0,1.0
18WiBkmTZCEPex98PugLNUyi4WQGzYUmsx,39,3,1.0,0.0,467808.0,467808.0,0.0,1.0,467808.0,0.0,1.0,0.19377728,0.19377728,0.19377728,0.19377728,0.19377728,0.19377728,0.19377728,0.19377728,0.19377728,0.19377728,0.0,0.0,0.0,0.0,0.0,0.00991516,0.00991516,0.00991516,0.00991516,0.00991516,0.0001135677129,0.0001135677129,0.0001135677129,0.0001135677129,0.0001135677129,0.0,0.0,0.0,0.0,0.0,0.0,0.0,0.0,0.0,0.0,0.0,0.0,0.0,0.0,0.0,0.0,62.0,1.0,1.0,1.0,1.0
18sqyWNPG7YNJJ34qkmj8FKs5j3H6ojzKj,25,2,1.0,0.0,439584.0,439584.0,0.0,1.0,439584.0,0.0,1.0,3.709,3.709,3.709,3.709,3.709,3.709,3.709,3.709,3.709,3.709,0.0,0.0,0.0,0.0,0.0,0.00328022,0.00328022,0.00328022,0.00328022,0.00328022,0.001632406132,0.001632406132,0.001632406132,0.001632406132,0.001632406132,0.0,0.0,0.0,0.0,0.0,0.0,0.0,0.0,0.0,0.0,0.0,0.0,0.0,0.0,0.0,0.0,2.0,1.0,1.0,1.0,1.0
19FaQU9AzsvxxWjBhZ9VNXrSKS1we1shzM,26,3,1.0,1.0,441604.0,441604.0,0.0,2.0,441604.0,441604.0,1.0,7.40811372,3.70405686,3.70405686,3.70405686,3.70405686,3.70405686,0.0,3.70405686,1.85202843,1.85202843,3.70405686,0.0,3.70405686,1.85202843,1.85202843,0.05503056,0.02639521,0.02863535,0.02751528,0.02751528,0.0490835501499999,0.0204482001499999,0.02863535,0.02454177507,0.02454177507,0.0,0.0,0.0,0.0,0.0,0.0,0.0,0.0,0.0,0.0,0.0,0.0,0.0,0.0,0.0,0.0,1226.0,1.0,1.0,1.0,1.0
19JgKRx82bU6U4gQtDQZgtEParp125652M,25,2,1.0,0.0,439584.0,439584.0,0.0,1.0,439584.0,0.0,1.0,0.03874494,0.03874494,0.03874494,0.03874494,0.03874494,0.03874494,0.03874494,0.03874494,0.03874494,0.03874494,0.0,0.0,0.0,0.0,0.0,0.00328022,0.00328022,0.00328022,0.00328022,0.00328022,1.705243399e-05,1.705243399e-05,1.705243399e-05,1.705243399e-05,1.705243399e-05,0.0,0.0,0.0,0.0,0.0,0.0,0.0,0.0,0.0,0.0,0.0,0.0,0.0,0.0,0.0,0.0,2.0,1.0,1.0,1.0,1.0
19gaRNqZPQwPhJYEUSjXE4pPzquo65gRAM,48,2,1.0,0.0,485953.0,485953.0,0.0,1.0,485953.0,0.0,1.0,0.00183288,0.00183288,0.00183288,0.00183288,0.00183288,0.00183288,0.00183288,0.00183288,0.00183288,0.00183288,0.0,0.0,0.0,0.0,0.0,0.0042,0.0042,0.0042,0.0042,0.0042,2.7390766359999997e-06,2.7390766359999997e-06,2.7390766359999997e-06,2.7390766359999997e-06,2.7390766359999997e-06,0.0,0.0,0.0,0.0,0.0,0.0,0.0,0.0,0.0,0.0,0.0,0.0,0.0,0.0,0.0,0.0,7.0,1.0,1.0,1.0,1.0
19pKf2xPgjC3MTx6rpwpE18pRqBsQhKeKT,25,2,1.0,0.0,439584.0,439584.0,0.0,1.0,439584.0,0.0,1.0,0.066,0.066,0.066,0.066,0.066,0.066,0.066,0.066,0.066,0.066,0.0,0.0,0.0,0.0,0.0,0.00328022,0.00328022,0.00328022,0.00328022,0.00328022,2.904793873e-05,2.904793873e-05,2.904793873e-05,2.904793873e-05,2.904793873e-05,0.0,0.0,0.0,0.0,0.0,0.0,0.0,0.0,0.0,0.0,0.0,0.0,0.0,0.0,0.0,0.0,2.0,1.0,1.0,1.0,1.0
1AAc39vLe5pak1juHjQuSEnzCZxa4zjAQg,48,2,1.0,0.0,485953.0,485953.0,0.0,1.0,485953.0,0.0,1.0,0.0016588,0.0016588,0.0016588,0.0016588,0.0016588,0.0016588,0.0016588,0.0016588,0.0016588,0.0016588,0.0,0.0,0.0,0.0,0.0,0.0042,0.0042,0.0042,0.0042,0.0042,2.478929512e-06,2.478929512e-06,2.478929512e-06,2.478929512e-06,2.478929512e-06,0.0,0.0,0.0,0.0,0.0,0.0,0.0,0.0,0.0,0.0,0.0,0.0,0.0,0.0,0.0,0.0,7.0,1.0,1.0,1.0,1.0
1AEW6z8CC164LnSYSAaKFWzzRT5Ej8BWUm,48,3,1.0,1.0,485957.0,485959.0,2.0,2.0,485959.0,485957.0,1.0,0.0996274,0.0498137,0.0498137,0.0498137,0.0498137,0.0498137,0.0,0.0498137,0.02490685,0.02490685,0.0498137,0.0,0.0498137,0.02490685,0.02490685,0.00048248,0.00024066,0.00024182,0.00024124,0.00024124,0.0002479849918,7.324991751e-06,0.00024066,0.0001239924959,0.0001239924959,2.0,2.0,2.0,2.0,2.0,0.0,0.0,0.0,0.0,0.0,0.0,0.0,0.0,0.0,0.0,0.0,2.0,1.0,1.0,1.0,1.0
1Ab9qNChRVD9LEZPeNQXjYcVDbVRWx3Bse,47,2,2.0,0.0,483937.0,485953.0,2016.0,2.0,483937.0,0.0,2.0,0.05068337,0.00226811,0.04841526,0.025341685,0.025341685,0.05068337,0.00226811,0.04841526,0.025341685,0.025341685,0.0,0.0,0.0,0.0,0.0,0.0098,0.0042,0.0056,0.0049,0.0049,7.991818822e-05,3.389489279e-06,7.652869894e-05,3.995909411e-05,3.995909411e-05,2016.0,2016.0,2016.0,2016.0,2016.0,2016.0,2016.0,2016.0,2016.0,2016.0,0.0,0.0,0.0,0.0,0.0,0.0,16.0,1.0,1.0,1.0,1.0
1Ab9qNChRVD9LEZPeNQXjYcVDbVRWx3Bse,48,2,2.0,0.0,483937.0,485953.0,2016.0,2.0,483937.0,0.0,2.0,0.05068337,0.00226811,0.04841526,0.025341685,0.025341685,0.05068337,0.00226811,0.04841526,0.025341685,0.025341685,0.0,0.0,0.0,0.0,0.0,0.0098,0.0042,0.0056,0.0049,0.0049,7.991818822e-05,3.389489279e-06,7.652869894e-05,3.995909411e-05,3.995909411e-05,2016.0,2016.0,2016.0,2016.0,2016.0,2016.0,2016.0,2016.0,2016.0,2016.0,0.0,0.0,0.0,0.0,0.0,0.0,16.0,1.0,1.0,1.0,1.0
1Atgq7Lh12cTM5AnBKsekWf6Y9kx8iX4x1,43,3,1.0,1.0,475872.0,475873.0,1.0,2.0,475873.0,475872.0,1.0,0.02545996,0.01272998,0.01272998,0.01272998,0.01272998,0.01272998,0.0,0.01272998,0.00636499,0.00636499,0.01272998,0.0,0.01272998,0.00636499,0.00636499,0.00206871,0.0010024,0.00106631,0.001034355,0.001034355,0.0007153734827,0.00025672071,0.0004586527727,0.0003576867413,0.0003576867413,1.0,1.0,1.0,1.0,1.0,0.0,0.0,0.0,0.0,0.0,0.0,0.0,0.0,0.0,0.0,0.0,4.0,1.0,1.0,1.0,1.0
1AuE39Kphm9s5DYX1pstQdgZbzAyeWCv5y,25,2,1.0,0.0,439584.0,439584.0,0.0,1.0,439584.0,0.0,1.0,0.42820032,0.42820032,0.42820032,0.42820032,0.42820032,0.42820032,0.42820032,0.42820032,0.42820032,0.42820032,0.0,0.0,0.0,0.0,0.0,0.00328022,0.00328022,0.00328022,0.00328022,0.00328022,0.0001884596463,0.0001884596463,0.0001884596463,0.0001884596463,0.0001884596463,0.0,0.0,0.0,0.0,0.0,0.0,0.0,0.0,0.0,0.0,0.0,0.0,0.0,0.0,0.0,0.0,2.0,1.0,1.0,1.0,1.0
1B5rHvU8ddxNCX6hSjan72WxvKnorJAZMC,25,3,1.0,1.0,439584.0,439588.0,4.0,2.0,439588.0,439584.0,1.0,14.87945354,7.43972677,7.43972677,7.43972677,7.43972677,7.43972677,0.0,7.43972677,3.719863385,3.719863385,7.43972677,0.0,7.43972677,3.719863385,3.719863385,0.0039277,0.00064748,0.00328022,0.00196385,0.00196385,0.003921854657,0.00064748,0.003274374657,0.001960927328,0.001960927328,4.0,4.0,4.0,4.0,4.0,0.0,0.0,0.0,0.0,0.0,0.0,0.0,0.0,0.0,0.0,0.0,41.0,1.0,1.0,1.0,1.0
1BCwNmPs2pxThBWG68YrPpbTpHzHj1LnN6,27,3,1.0,0.0,443617.0,443617.0,0.0,1.0,443617.0,0.0,1.0,25.0,25.0,25.0,25.0,25.0,25.0,25.0,25.0,25.0,25.0,0.0,0.0,0.0,0.0,0.0,0.05407034,0.05407034,0.05407034,0.05407034,0.05407034,0.05407034,0.05407034,0.05407034,0.05407034,0.05407034,0.0,0.0,0.0,0.0,0.0,0.0,0.0,0.0,0.0,0.0,0.0,0.0,0.0,0.0,0.0,0.0,2474.0,1.0,1.0,1.0,1.0
1BVWXHgxibTpV7ApDyugLrPPa57dMEaTXY,25,2,1.0,0.0,439584.0,439584.0,0.0,1.0,439584.0,0.0,1.0,0.01855085,0.01855085,0.01855085,0.01855085,0.01855085,0.01855085,0.01855085,0.01855085,0.01855085,0.01855085,0.0,0.0,0.0,0.0,0.0,0.00328022,0.00328022,0.00328022,0.00328022,0.00328022,8.164605365e-06,8.164605365e-06,8.164605365e-06,8.164605365e-06,8.164605365e-06,0.0,0.0,0.0,0.0,0.0,0.0,0.0,0.0,0.0,0.0,0.0,0.0,0.0,0.0,0.0,0.0,2.0,1.0,1.0,1.0,1.0
1C9deiGtSM591bN7RkRF8bqgKt8RMb13ds,25,3,2.0,2.0,439584.0,439591.0,7.0,4.0,439584.0,439589.0,1.0,0.0063,0.001575,0.001575,0.001575,0.001575,0.00315,0.0,0.001575,0.0007875,0.0007875,0.00315,0.0,0.001575,0.0007875,0.0007875,0.00540122,0.0001956,0.00328022,0.001350305,0.0009627,2.196544747e-05,1.3512597420000004e-07,1.278613368e-05,5.491361868000001e-06,4.522093908e-06,7.0,1.0,5.0,2.333333333,1.0,6.0,6.0,6.0,6.0,6.0,2.0,2.0,2.0,2.0,2.0,0.0,6.0,1.0,1.0,1.0,1.0
1CBSYpkpYDjfaN1n99EdtGvyah5A5TTNQP,25,2,1.0,0.0,439584.0,439584.0,0.0,1.0,439584.0,0.0,1.0,0.01000026,0.01000026,0.01000026,0.01000026,0.01000026,0.01000026,0.01000026,0.01000026,0.01000026,0.01000026,0.0,0.0,0.0,0.0,0.0,0.00328022,0.00328022,0.00328022,0.00328022,0.00328022,4.401317269e-06,4.401317269e-06,4.401317269e-06,4.401317269e-06,4.401317269e-06,0.0,0.0,0.0,0.0,0.0,0.0,0.0,0.0,0.0,0.0,0.0,0.0,0.0,0.0,0.0,0.0,2.0,1.0,1.0,1.0,1.0
1CWrtrcWFswwfSze76pEpfcbrSSn21enbi,43,3,1.0,0.0,475872.0,475872.0,0.0,1.0,475872.0,0.0,1.0,0.03625455,0.03625455,0.03625455,0.03625455,0.03625455,0.03625455,0.03625455,0.03625455,0.03625455,0.03625455,0.0,0.0,0.0,0.0,0.0,0.00099749,0.00099749,0.00099749,0.00099749,0.00099749,0.0007621698861,0.0007621698861,0.0007621698861,0.0007621698861,0.0007621698861,0.0,0.0,0.0,0.0,0.0,0.0,0.0,0.0,0.0,0.0,0.0,0.0,0.0,0.0,0.0,0.0,3.0,1.0,1.0,1.0,1.0
1Cn2MgZaWr9W9iedMz9kVethZe3x1ThmxM,43,3,1.0,1.0,475873.0,475875.0,2.0,2.0,475875.0,475873.0,1.0,0.01811356,0.00905678,0.00905678,0.00905678,0.00905678,0.00905678,0.0,0.00905678,0.00452839,0.00452839,0.00905678,0.0,0.00905678,0.00452839,0.00452839,0.00085212,0.00024192,0.0006102,0.00042606,0.00042606,0.0002485009412,6.580941172000001e-06,0.00024192,0.0001242504706,0.0001242504706,2.0,2.0,2.0,2.0,2.0,0.0,0.0,0.0,0.0,0.0,0.0,0.0,0.0,0.0,0.0,0.0,2.0,1.0,1.0,1.0,1.0
1D64LmNG41M3kRUXKBgTFeEGySumiZTLfz,25,2,1.0,0.0,439584.0,439584.0,0.0,1.0,439584.0,0.0,1.0,0.06007832,0.06007832,0.06007832,0.06007832,0.06007832,0.06007832,0.06007832,0.06007832,0.06007832,0.06007832,0.0,0.0,0.0,0.0,0.0,0.00328022,0.00328022,0.00328022,0.00328022,0.00328022,2.644168724e-05,2.644168724e-05,2.644168724e-05,2.644168724e-05,2.644168724e-05,0.0,0.0,0.0,0.0,0.0,0.0,0.0,0.0,0.0,0.0,0.0,0.0,0.0,0.0,0.0,0.0,2.0,1.0,1.0,1.0,1.0
1DNidFramQ799CxoPayk98TMVcA6ctz1Mq,39,3,1.0,1.0,467811.0,467813.0,2.0,2.0,467813.0,467811.0,1.0,0.01184956,0.00592478,0.00592478,0.00592478,0.00592478,0.00592478,0.0,0.00592478,0.00296239,0.00296239,0.00592478,0.0,0.00592478,0.00296239,0.00296239,0.00899142,0.00057984,0.00841158,0.00449571,0.00449571,0.0005835402453,3.700245313e-06,0.00057984,0.0002917701227,0.0002917701227,2.0,2.0,2.0,2.0,2.0,0.0,0.0,0.0,0.0,0.0,0.0,0.0,0.0,0.0,0.0,0.0,3.0,1.0,1.0,1.0,1.0
1EzSG3Btjfy91hSqwxyMDBoyrtMRzNLi6D,16,2,1.0,5.0,421446.0,485953.0,64507.0,6.0,485953.0,421446.0,6.0,0.2952188,0.00045085,0.28985508,0.0492031333299999,0.00089866,0.00256593,0.0,0.00256593,0.000427655,0.0,0.29265287,0.0,0.28985508,0.04877547833,0.00067292,0.12807776,0.0005,0.03497043,0.02134629333,0.02760772,1.499194457e-05,4.703022058e-07,4.249006336e-06,2.498657428e-06,2.593819482e-06,64507.0,2013.0,24184.0,12901.4,18141.0,0.0,0.0,0.0,0.0,0.0,40323.0,2013.0,18152.0,10080.75,10079.0,0.0,12.0,1.0,1.0,1.0,1.0
1EzSG3Btjfy91hSqwxyMDBoyrtMRzNLi6D,17,2,1.0,5.0,421446.0,485953.0,64507.0,6.0,485953.0,421446.0,6.0,0.2952188,0.00045085,0.28985508,0.0492031333299999,0.00089866,0.00256593,0.0,0.00256593,0.000427655,0.0,0.29265287,0.0,0.28985508,0.04877547833,0.00067292,0.12807776,0.0005,0.03497043,0.02134629333,0.02760772,1.499194457e-05,4.703022058e-07,4.249006336e-06,2.498657428e-06,2.593819482e-06,64507.0,2013.0,24184.0,12901.4,18141.0,0.0,0.0,0.0,0.0,0.0,40323.0,2013.0,18152.0,10080.75,10079.0,0.0,12.0,1.0,1.0,1.0,1.0
1EzSG3Btjfy91hSqwxyMDBoyrtMRzNLi6D,26,2,1.0,5.0,421446.0,485953.0,64507.0,6.0,485953.0,421446.0,6.0,0.2952188,0.00045085,0.28985508,0.0492031333299999,0.00089866,0.00256593,0.0,0.00256593,0.000427655,0.0,0.29265287,0.0,0.28985508,0.04877547833,0.00067292,0.12807776,0.0005,0.03497043,0.02134629333,0.02760772,1.499194457e-05,4.703022058e-07,4.249006336e-06,2.498657428e-06,2.593819482e-06,64507.0,2013.0,24184.0,12901.4,18141.0,0.0,0.0,0.0,0.0,0.0,40323.0,2013.0,18152.0,10080.75,10079.0,0.0,12.0,1.0,1.0,1.0,1.0
1EzSG3Btjfy91hSqwxyMDBoyrtMRzNLi6D,27,2,1.0,5.0,421446.0,485953.0,64507.0,6.0,485953.0,421446.0,6.0,0.2952188,0.00045085,0.28985508,0.0492031333299999,0.00089866,0.00256593,0.0,0.00256593,0.000427655,0.0,0.29265287,0.0,0.28985508,0.04877547833,0.00067292,0.12807776,0.0005,0.03497043,0.02134629333,0.02760772,1.499194457e-05,4.703022058e-07,4.249006336e-06,2.498657428e-06,2.593819482e-06,64507.0,2013.0,24184.0,12901.4,18141.0,0.0,0.0,0.0,0.0,0.0,40323.0,2013.0,18152.0,10080.75,10079.0,0.0,12.0,1.0,1.0,1.0,1.0
1EzSG3Btjfy91hSqwxyMDBoyrtMRzNLi6D,36,2,1.0,5.0,421446.0,485953.0,64507.0,6.0,485953.0,421446.0,6.0,0.2952188,0.00045085,0.28985508,0.0492031333299999,0.00089866,0.00256593,0.0,0.00256593,0.000427655,0.0,0.29265287,0.0,0.28985508,0.04877547833,0.00067292,0.12807776,0.0005,0.03497043,0.02134629333,0.02760772,1.499194457e-05,4.703022058e-07,4.249006336e-06,2.498657428e-06,2.593819482e-06,64507.0,2013.0,24184.0,12901.4,18141.0,0.0,0.0,0.0,0.0,0.0,40323.0,2013.0,18152.0,10080.75,10079.0,0.0,12.0,1.0,1.0,1.0,1.0
1EzSG3Btjfy91hSqwxyMDBoyrtMRzNLi6D,48,2,1.0,5.0,421446.0,485953.0,64507.0,6.0,485953.0,421446.0,6.0,0.2952188,0.00045085,0.28985508,0.0492031333299999,0.00089866,0.00256593,0.0,0.00256593,0.000427655,0.0,0.29265287,0.0,0.28985508,0.04877547833,0.00067292,0.12807776,0.0005,0.03497043,0.02134629333,0.02760772,1.499194457e-05,4.703022058e-07,4.249006336e-06,2.498657428e-06,2.593819482e-06,64507.0,2013.0,24184.0,12901.4,18141.0,0.0,0.0,0.0,0.0,0.0,40323.0,2013.0,18152.0,10080.75,10079.0,0.0,12.0,1.0,1.0,1.0,1.0
1FQFQtfr6ifBUNRZM5knpQ6kdd33moXhVx,48,2,1.0,0.0,485953.0,485953.0,0.0,1.0,485953.0,0.0,1.0,0.00533863,0.00533863,0.00533863,0.00533863,0.00533863,0.00533863,0.00533863,0.00533863,0.00533863,0.00533863,0.0,0.0,0.0,0.0,0.0,0.0042,0.0042,0.0042,0.0042,0.0042,7.978109151e-06,7.978109151e-06,7.978109151e-06,7.978109151e-06,7.978109151e-06,0.0,0.0,0.0,0.0,0.0,0.0,0.0,0.0,0.0,0.0,0.0,0.0,0.0,0.0,0.0,0.0,7.0,1.0,1.0,1.0,1.0
1Fc5QejBLfGPGep1h4Xq2p3Z7AHfdWpThC,17,3,2.0,1.0,423463.0,485953.0,62490.0,3.0,423468.0,423463.0,2.0,0.00406222,0.00123032,0.00160158,0.001354073333,0.00123032,0.0028319,0.0,0.00160158,0.0009439666667,0.00123032,0.00123032,0.0,0.00123032,0.0004101066667,0.0,0.03128009,0.0005,0.02658009,0.01042669667,0.0042,6.92117174e-05,7.26711474e-07,6.609158663e-05,2.307057247e-05,2.393419296e-06,62490.0,5.0,62485.0,31245.0,31245.0,62485.0,62485.0,62485.0,62485.0,62485.0,0.0,0.0,0.0,0.0,0.0,0.0,10.0,1.0,1.0,1.0,1.0
1Fc5QejBLfGPGep1h4Xq2p3Z7AHfdWpThC,48,3,2.0,1.0,423463.0,485953.0,62490.0,3.0,423468.0,423463.0,2.0,0.00406222,0.00123032,0.00160158,0.001354073333,0.00123032,0.0028319,0.0,0.00160158,0.0009439666667,0.00123032,0.00123032,0.0,0.00123032,0.0004101066667,0.0,0.03128009,0.0005,0.02658009,0.01042669667,0.0042,6.92117174e-05,7.26711474e-07,6.609158663e-05,2.307057247e-05,2.393419296e-06,62490.0,5.0,62485.0,31245.0,31245.0,62485.0,62485.0,62485.0,62485.0,62485.0,0.0,0.0,0.0,0.0,0.0,0.0,10.0,1.0,1.0,1.0,1.0
1FyGps4qppFv6p8PHgM6WfWtRwcGmG6qsv,45,3,1.0,1.0,479905.0,485953.0,6048.0,2.0,485953.0,479905.0,2.0,2.78161091,0.00391091,2.7777000000000003,1.390805455,1.390805455,2.7777000000000003,0.0,2.7777000000000003,1.38885,1.38885,0.00391091,0.0,0.00391091,0.001955455,0.001955455,0.08247334,0.0042,0.07827334,0.04123667,0.04123667,0.004155776754,4.750406996e-06,0.004151026347,0.002077888377,0.002077888377,6048.0,6048.0,6048.0,6048.0,6048.0,0.0,0.0,0.0,0.0,0.0,0.0,0.0,0.0,0.0,0.0,0.0,8.0,1.0,1.0,1.0,1.0
1FyGps4qppFv6p8PHgM6WfWtRwcGmG6qsv,48,3,1.0,1.0,479905.0,485953.0,6048.0,2.0,485953.0,479905.0,2.0,2.78161091,0.00391091,2.7777000000000003,1.390805455,1.390805455,2.7777000000000003,0.0,2.7777000000000003,1.38885,1.38885,0.00391091,0.0,0.00391091,0.001955455,0.001955455,0.08247334,0.0042,0.07827334,0.04123667,0.04123667,0.004155776754,4.750406996e-06,0.004151026347,0.002077888377,0.002077888377,6048.0,6048.0,6048.0,6048.0,6048.0,0.0,0.0,0.0,0.0,0.0,0.0,0.0,0.0,0.0,0.0,0.0,8.0,1.0,1.0,1.0,1.0
1G4aCPNSkakgxTEn6Pdw52YTtyAivVq8w5,29,3,1.0,1.0,447648.0,447649.0,1.0,2.0,447649.0,447648.0,1.0,0.2678,0.1339,0.1339,0.1339,0.1339,0.1339,0.0,0.1339,0.06695,0.06695,0.1339,0.0,0.1339,0.06695,0.06695,0.00109351,0.00012288,0.00097063,0.000546755,0.000546755,0.0001240993389,1.21933893e-06,0.00012288,6.204966947e-05,6.204966947e-05,1.0,1.0,1.0,1.0,1.0,0.0,0.0,0.0,0.0,0.0,0.0,0.0,0.0,0.0,0.0,0.0,2.0,1.0,1.0,1.0,1.0
1G6FsPYGEUAextwRe9LHafQ8KCYNfKkV7q,25,2,1.0,0.0,439584.0,439584.0,0.0,1.0,439584.0,0.0,1.0,0.03072279,0.03072279,0.03072279,0.03072279,0.03072279,0.03072279,0.03072279,0.03072279,0.03072279,0.03072279,0.0,0.0,0.0,0.0,0.0,0.00328022,0.00328022,0.00328022,0.00328022,0.00328022,1.352172305e-05,1.352172305e-05,1.352172305e-05,1.352172305e-05,1.352172305e-05,0.0,0.0,0.0,0.0,0.0,0.0,0.0,0.0,0.0,0.0,0.0,0.0,0.0,0.0,0.0,0.0,2.0,1.0,1.0,1.0,1.0
1GJHAZSZSAN5DVddwgcvFzMC1yBDgjYDoZ,43,3,1.0,0.0,475872.0,475872.0,0.0,1.0,475872.0,0.0,1.0,0.05287499,0.05287499,0.05287499,0.05287499,0.05287499,0.05287499,0.05287499,0.05287499,0.05287499,0.05287499,0.0,0.0,0.0,0.0,0.0,0.00106631,0.00106631,0.00106631,0.00106631,0.00106631,0.00106631,0.00106631,0.00106631,0.00106631,0.00106631,0.0,0.0,0.0,0.0,0.0,0.0,0.0,0.0,0.0,0.0,0.0,0.0,0.0,0.0,0.0,0.0,8.0,1.0,1.0,1.0,1.0
1Gu9ineGpguekKw3nwFCydgqYjnARemdu,39,3,1.0,0.0,467808.0,467808.0,0.0,1.0,467808.0,0.0,1.0,0.82968672,0.82968672,0.82968672,0.82968672,0.82968672,0.82968672,0.82968672,0.82968672,0.82968672,0.82968672,0.0,0.0,0.0,0.0,0.0,0.00991516,0.00991516,0.00991516,0.00991516,0.00991516,0.0004862573323,0.0004862573323,0.0004862573323,0.0004862573323,0.0004862573323,0.0,0.0,0.0,0.0,0.0,0.0,0.0,0.0,0.0,0.0,0.0,0.0,0.0,0.0,0.0,0.0,62.0,1.0,1.0,1.0,1.0
1GybHtncmGgqDFUCibcV74TyUPs3yXGZAc,39,3,1.0,0.0,467808.0,467808.0,0.0,1.0,467808.0,0.0,1.0,10.55672436,10.55672436,10.55672436,10.55672436,10.55672436,10.55672436,10.55672436,10.55672436,10.55672436,10.55672436,0.0,0.0,0.0,0.0,0.0,0.00991516,0.00991516,0.00991516,0.00991516,0.00991516,0.006187015534,0.006187015534,0.006187015534,0.006187015534,0.006187015534,0.0,0.0,0.0,0.0,0.0,0.0,0.0,0.0,0.0,0.0,0.0,0.0,0.0,0.0,0.0,0.0,62.0,1.0,1.0,1.0,1.0
1Hcamunvzc8BfLKT6J2UEqqERHXsKgKHz5,43,3,1.0,0.0,475873.0,475873.0,0.0,1.0,475873.0,0.0,1.0,0.83976547,0.83976547,0.83976547,0.83976547,0.83976547,0.83976547,0.83976547,0.83976547,0.83976547,0.83976547,0.0,0.0,0.0,0.0,0.0,0.0006102,0.0006102,0.0006102,0.0006102,0.0006102,0.0006102,0.0006102,0.0006102,0.0006102,0.0006102,0.0,0.0,0.0,0.0,0.0,0.0,0.0,0.0,0.0,0.0,0.0,0.0,0.0,0.0,0.0,0.0,2.0,1.0,1.0,1.0,1.0
1Hd2YiEHCE8Xzgbaf3fuw2Y9zbNANv9ngB,25,2,1.0,0.0,439584.0,439584.0,0.0,1.0,439584.0,0.0,1.0,0.21174188,0.21174188,0.21174188,0.21174188,0.21174188,0.21174188,0.21174188,0.21174188,0.21174188,0.21174188,0.0,0.0,0.0,0.0,0.0,0.00328022,0.00328022,0.00328022,0.00328022,0.00328022,9.31918963e-05,9.31918963e-05,9.31918963e-05,9.31918963e-05,9.31918963e-05,0.0,0.0,0.0,0.0,0.0,0.0,0.0,0.0,0.0,0.0,0.0,0.0,0.0,0.0,0.0,0.0,2.0,1.0,1.0,1.0,1.0
1Hv8atp7ZpfrT88AFf8ew7oTSYNkcSTo46,47,3,1.0,1.0,483938.0,483942.0,4.0,2.0,483942.0,483938.0,1.0,0.00922838,0.00461419,0.00461419,0.00461419,0.00461419,0.00461419,0.0,0.00461419,0.002307095,0.002307095,0.00461419,0.0,0.00461419,0.002307095,0.002307095,0.00025322,1.13e-05,0.00024192,0.00012661,0.00012661,0.0002453960231,3.476023133e-06,0.00024192,0.0001226980116,0.0001226980116,4.0,4.0,4.0,4.0,4.0,0.0,0.0,0.0,0.0,0.0,0.0,0.0,0.0,0.0,0.0,0.0,2.0,1.0,1.0,1.0,1.0
1JQ55T2K7AoqY1KC8BS1npT2aqfeVpseL4,25,2,1.0,0.0,439584.0,439584.0,0.0,1.0,439584.0,0.0,1.0,0.01601374,0.01601374,0.01601374,0.01601374,0.01601374,0.01601374,0.01601374,0.01601374,0.01601374,0.01601374,0.0,0.0,0.0,0.0,0.0,0.00328022,0.00328022,0.00328022,0.00328022,0.00328022,7.04797179237165e-06,7.04797179237165e-06,7.04797179237165e-06,7.04797179237165e-06,7.04797179237165e-06,0.0,0.0,0.0,0.0,0.0,0.0,0.0,0.0,0.0,0.0,0.0,0.0,0.0,0.0,0.0,0.0,2.0,1.0,1.0,1.0,1.0
1JeMPq6yMWaSGw6DUyWGEJC6DcmK3nFmdX,48,2,1.0,0.0,485953.0,485953.0,0.0,1.0,485953.0,0.0,1.0,0.00226811,0.00226811,0.00226811,0.00226811,0.00226811,0.00226811,0.00226811,0.00226811,0.00226811,0.00226811,0.0,0.0,0.0,0.0,0.0,0.0042,0.0042,0.0042,0.0042,0.0042,3.38948927852382e-06,3.38948927852382e-06,3.38948927852382e-06,3.38948927852382e-06,3.38948927852382e-06,0.0,0.0,0.0,0.0,0.0,0.0,0.0,0.0,0.0,0.0,0.0,0.0,0.0,0.0,0.0,0.0,7.0,1.0,1.0,1.0,1.0
1Ji6buPRa4arPSzPhwBQ3uhrzNbrPadwi9,25,2,1.0,0.0,439584.0,439584.0,0.0,1.0,439584.0,0.0,1.0,0.42379413,0.42379413,0.42379413,0.42379413,0.42379413,0.42379413,0.42379413,0.42379413,0.42379413,0.42379413,0.0,0.0,0.0,0.0,0.0,0.00328022,0.00328022,0.00328022,0.00328022,0.00328022,0.0001865203927385,0.0001865203927385,0.0001865203927385,0.0001865203927385,0.0001865203927385,0.0,0.0,0.0,0.0,0.0,0.0,0.0,0.0,0.0,0.0,0.0,0.0,0.0,0.0,0.0,0.0,2.0,1.0,1.0,1.0,1.0
1K5x58eFrQQ3FcYm5r7QqSMoG12HLr7QQs,48,2,1.0,0.0,485953.0,485953.0,0.0,1.0,485953.0,0.0,1.0,0.00226811,0.00226811,0.00226811,0.00226811,0.00226811,0.00226811,0.00226811,0.00226811,0.00226811,0.00226811,0.0,0.0,0.0,0.0,0.0,0.0042,0.0042,0.0042,0.0042,0.0042,3.38948927852382e-06,3.38948927852382e-06,3.38948927852382e-06,3.38948927852382e-06,3.38948927852382e-06,0.0,0.0,0.0,0.0,0.0,0.0,0.0,0.0,0.0,0.0,0.0,0.0,0.0,0.0,0.0,0.0,7.0,1.0,1.0,1.0,1.0
1KUkXYwW2U3zZ5vFBKd7cAW4SnbHFEbHT9,25,2,1.0,0.0,439584.0,439584.0,0.0,1.0,439584.0,0.0,1.0,0.38335589,0.38335589,0.38335589,0.38335589,0.38335589,0.38335589,0.38335589,0.38335589,0.38335589,0.38335589,0.0,0.0,0.0,0.0,0.0,0.00328022,0.00328022,0.00328022,0.00328022,0.00328022,0.0001687227030762,0.0001687227030762,0.0001687227030762,0.0001687227030762,0.0001687227030762,0.0,0.0,0.0,0.0,0.0,0.0,0.0,0.0,0.0,0.0,0.0,0.0,0.0,0.0,0.0,0.0,2.0,1.0,1.0,1.0,1.0
1KyLYGoY16bsyuh8XWcbFFNVtm7gZNTfW,39,3,1.0,0.0,467808.0,467808.0,0.0,1.0,467808.0,0.0,1.0,0.2248952,0.2248952,0.2248952,0.2248952,0.2248952,0.2248952,0.2248952,0.2248952,0.2248952,0.2248952,0.0,0.0,0.0,0.0,0.0,0.00991516,0.00991516,0.00991516,0.00991516,0.00991516,0.0001318050986773,0.0001318050986773,0.0001318050986773,0.0001318050986773,0.0001318050986773,0.0,0.0,0.0,0.0,0.0,0.0,0.0,0.0,0.0,0.0,0.0,0.0,0.0,0.0,0.0,0.0,62.0,1.0,1.0,1.0,1.0
1LVFjWDWsicSj83Jm2F3UvQ8ym9P2CmWLs,25,2,1.0,0.0,439584.0,439584.0,0.0,1.0,439584.0,0.0,1.0,0.0029741,0.0029741,0.0029741,0.0029741,0.0029741,0.0029741,0.0029741,0.0029741,0.0029741,0.0029741,0.0,0.0,0.0,0.0,0.0,0.00328022,0.00328022,0.00328022,0.00328022,0.00328022,1.30896173584013e-06,1.30896173584013e-06,1.30896173584013e-06,1.30896173584013e-06,1.30896173584013e-06,0.0,0.0,0.0,0.0,0.0,0.0,0.0,0.0,0.0,0.0,0.0,0.0,0.0,0.0,0.0,0.0,2.0,1.0,1.0,1.0,1.0
1LfufyHFu2uXmT9UbUiEQZHKXoYZ8iV9uD,39,3,1.0,0.0,467808.0,467808.0,0.0,1.0,467808.0,0.0,1.0,5.43487024,5.43487024,5.43487024,5.43487024,5.43487024,5.43487024,5.43487024,5.43487024,5.43487024,5.43487024,0.0,0.0,0.0,0.0,0.0,0.00612578,0.00612578,0.00612578,0.00612578,0.00612578,0.00612578,0.00612578,0.00612578,0.00612578,0.00612578,0.0,0.0,0.0,0.0,0.0,0.0,0.0,0.0,0.0,0.0,0.0,0.0,0.0,0.0,0.0,0.0,47.0,1.0,1.0,1.0,1.0
1MSDuGfm5gpegaLg3RoMDGDVEiLJfoaxnp,25,2,1.0,0.0,439584.0,439584.0,0.0,1.0,439584.0,0.0,1.0,0.2699,0.2699,0.2699,0.2699,0.2699,0.2699,0.2699,0.2699,0.2699,0.2699,0.0,0.0,0.0,0.0,0.0,0.00328022,0.00328022,0.00328022,0.00328022,0.00328022,0.0001187884645786,0.0001187884645786,0.0001187884645786,0.0001187884645786,0.0001187884645786,0.0,0.0,0.0,0.0,0.0,0.0,0.0,0.0,0.0,0.0,0.0,0.0,0.0,0.0,0.0,0.0,2.0,1.0,1.0,1.0,1.0
1MadbNbjPZ7ACQu2nz3GFB6uD8tSTzDCc3,39,3,1.0,0.0,467811.0,467811.0,0.0,1.0,467811.0,0.0,1.0,12.99004653,12.99004653,12.99004653,12.99004653,12.99004653,12.99004653,12.99004653,12.99004653,12.99004653,12.99004653,0.0,0.0,0.0,0.0,0.0,0.00841158,0.00841158,0.00841158,0.00841158,0.00841158,0.0081127668514545,0.0081127668514545,0.0081127668514545,0.0081127668514545,0.0081127668514545,0.0,0.0,0.0,0.0,0.0,0.0,0.0,0.0,0.0,0.0,0.0,0.0,0.0,0.0,0.0,0.0,62.0,1.0,1.0,1.0,1.0
1MmU5aBXVbnTKZfUb4LQg8M31WquJjyxkD,43,3,1.0,0.0,475872.0,475872.0,0.0,1.0,475872.0,0.0,1.0,0.26255123,0.26255123,0.26255123,0.26255123,0.26255123,0.26255123,0.26255123,0.26255123,0.26255123,0.26255123,0.0,0.0,0.0,0.0,0.0,0.00064474,0.00064474,0.00064474,0.00064474,0.00064474,0.00064474,0.00064474,0.00064474,0.00064474,0.00064474,0.0,0.0,0.0,0.0,0.0,0.0,0.0,0.0,0.0,0.0,0.0,0.0,0.0,0.0,0.0,0.0,3.0,1.0,1.0,1.0,1.0
1Mn6M8A4m8TDWRc8Tq8g8h8sRCRYFrabsS,26,3,1.0,1.0,441601.0,441603.0,2.0,2.0,441603.0,441601.0,1.0,4.7712022,2.3856011,2.3856011,2.3856011,2.3856011,2.3856011,0.0,2.3856011,1.19280055,1.19280055,2.3856011,0.0,2.3856011,1.19280055,1.19280055,0.00153582,0.0007047,0.00083112,0.00076791,0.00076791,0.0012974334627397,0.0004663134627397,0.00083112,0.0006487167313698,0.0006487167313698,2.0,2.0,2.0,2.0,2.0,0.0,0.0,0.0,0.0,0.0,0.0,0.0,0.0,0.0,0.0,0.0,16.0,1.0,1.0,1.0,1.0
1NGhgi9LkRRGoEcwgKEufQBFLDAHuBztEh,29,3,1.0,0.0,447648.0,447648.0,0.0,1.0,447648.0,0.0,1.0,106.58837651,106.58837651,106.58837651,106.58837651,106.58837651,106.58837651,106.58837651,106.58837651,106.58837651,106.58837651,0.0,0.0,0.0,0.0,0.0,0.00097063,0.00097063,0.00097063,0.00097063,0.00097063,0.00097063,0.00097063,0.00097063,0.00097063,0.00097063,0.0,0.0,0.0,0.0,0.0,0.0,0.0,0.0,0.0,0.0,0.0,0.0,0.0,0.0,0.0,0.0,25.0,1.0,1.0,1.0,1.0
1NH33FGmqNvtw5VnYgv6G6RU5bZ8bZXhnu,31,3,1.0,1.0,451686.0,451686.0,0.0,2.0,451686.0,451686.0,1.0,15.3888286,7.6944143,7.6944143,7.6944143,7.6944143,7.6944143,0.0,7.6944143,3.84720715,3.84720715,7.6944143,0.0,7.6944143,3.84720715,3.84720715,0.02044848,0.00088515,0.01956333,0.01022424,0.01022424,0.0204430603354377,0.0008797303354377,0.01956333,0.0102215301677188,0.0102215301677188,0.0,0.0,0.0,0.0,0.0,0.0,0.0,0.0,0.0,0.0,0.0,0.0,0.0,0.0,0.0,0.0,850.0,1.0,1.0,1.0,1.0
1NXoto7aQBYAeQdNmRrD4bZUkBYSrkP1Cj,48,2,1.0,0.0,485953.0,485953.0,0.0,1.0,485953.0,0.0,1.0,0.00226811,0.00226811,0.00226811,0.00226811,0.00226811,0.00226811,0.00226811,0.00226811,0.00226811,0.00226811,0.0,0.0,0.0,0.0,0.0,0.0042,0.0042,0.0042,0.0042,0.0042,3.38948927852382e-06,3.38948927852382e-06,3.38948927852382e-06,3.38948927852382e-06,3.38948927852382e-06,0.0,0.0,0.0,0.0,0.0,0.0,0.0,0.0,0.0,0.0,0.0,0.0,0.0,0.0,0.0,0.0,7.0,1.0,1.0,1.0,1.0
1PqEwJAkTFkymqkfKEmADhxJaY2vRHxtWc,39,3,1.0,1.0,467808.0,467813.0,5.0,2.0,467813.0,467808.0,1.0,0.00896058,0.00448029,0.00448029,0.00448029,0.00448029,0.00448029,0.0,0.00448029,0.002240145,0.002240145,0.00448029,0.0,0.00448029,0.002240145,0.002240145,0.010495,0.00057984,0.00991516,0.0052475,0.0052475,0.0005824657788763,2.62577887635331e-06,0.00057984,0.0002912328894381,0.0002912328894381,5.0,5.0,5.0,5.0,5.0,0.0,0.0,0.0,0.0,0.0,0.0,0.0,0.0,0.0,0.0,0.0,6.0,1.0,1.0,1.0,1.0
1PvcGHJx1oTkwSWj9SGzeDVXnCP2qM65kw,26,3,1.0,1.0,441601.0,441604.0,3.0,2.0,441604.0,441601.0,1.0,9.5626371,4.78131855,4.78131855,4.78131855,4.78131855,4.78131855,0.0,4.78131855,2.390659275,2.390659275,4.78131855,0.0,4.78131855,2.390659275,2.390659275,0.07699975,0.02639521,0.05060454,0.038499875,0.038499875,0.0705629195955929,0.02639521,0.0441677095955929,0.0352814597977964,0.0352814597977964,3.0,3.0,3.0,3.0,3.0,0.0,0.0,0.0,0.0,0.0,0.0,0.0,0.0,0.0,0.0,0.0,1131.0,1.0,1.0,1.0,1.0
1Q5n2Jya5k2rDg5jiHh27UEo9oVDztaT3e,48,2,1.0,0.0,485953.0,485953.0,0.0,1.0,485953.0,0.0,1.0,0.00232481,0.00232481,0.00232481,0.00232481,0.00232481,0.00232481,0.00232481,0.00232481,0.00232481,0.00232481,0.0,0.0,0.0,0.0,0.0,0.0042,0.0042,0.0042,0.0042,0.0042,3.47422240085577e-06,3.47422240085577e-06,3.47422240085577e-06,3.47422240085577e-06,3.47422240085577e-06,0.0,0.0,0.0,0.0,0.0,0.0,0.0,0.0,0.0,0.0,0.0,0.0,0.0,0.0,0.0,0.0,7.0,1.0,1.0,1.0,1.0
1QGvWPGzADUDBbECVBUqdtJg8efoBxp8mc,25,2,1.0,0.0,439584.0,439584.0,0.0,1.0,439584.0,0.0,1.0,0.39792,0.39792,0.39792,0.39792,0.39792,0.39792,0.39792,0.39792,0.39792,0.39792,0.0,0.0,0.0,0.0,0.0,0.00328022,0.00328022,0.00328022,0.00328022,0.00328022,0.0001751326633016,0.0001751326633016,0.0001751326633016,0.0001751326633016,0.0001751326633016,0.0,0.0,0.0,0.0,0.0,0.0,0.0,0.0,0.0,0.0,0.0,0.0,0.0,0.0,0.0,0.0,2.0,1.0,1.0,1.0,1.0
1YN2DshmSgueytJCGqCYNNrRNR4Ah7QAv,25,2,1.0,0.0,439584.0,439584.0,0.0,1.0,439584.0,0.0,1.0,0.20392205,0.20392205,0.20392205,0.20392205,0.20392205,0.20392205,0.20392205,0.20392205,0.20392205,0.20392205,0.0,0.0,0.0,0.0,0.0,0.00328022,0.00328022,0.00328022,0.00328022,0.00328022,8.97502305047167e-05,8.97502305047167e-05,8.97502305047167e-05,8.97502305047167e-05,8.97502305047167e-05,0.0,0.0,0.0,0.0,0.0,0.0,0.0,0.0,0.0,0.0,0.0,0.0,0.0,0.0,0.0,0.0,2.0,1.0,1.0,1.0,1.0
1eshJFg9uctEyKRLJ8yMkoPpkcUCWpzxv,46,3,1.0,1.0,481923.0,481923.0,0.0,2.0,481923.0,481923.0,1.0,17.25800058,8.62900029,8.62900029,8.62900029,8.62900029,8.62900029,0.0,8.62900029,4.314500145,4.314500145,8.62900029,0.0,8.62900029,4.314500145,4.314500145,0.03006814,0.01499401,0.01507413,0.01503407,0.01503407,0.02745525705,0.01238112705,0.01507413,0.01372762853,0.01372762853,0.0,0.0,0.0,0.0,0.0,0.0,0.0,0.0,0.0,0.0,0.0,0.0,0.0,0.0,0.0,0.0,102.0,1.0,1.0,1.0,1.0
1h9GUrZPU4wZSrefbq4RyZobrYt8fKsnG,39,3,1.0,0.0,467808.0,467808.0,0.0,1.0,467808.0,0.0,1.0,5.11286509,5.11286509,5.11286509,5.11286509,5.11286509,5.11286509,5.11286509,5.11286509,5.11286509,5.11286509,0.0,0.0,0.0,0.0,0.0,0.00991516,0.00991516,0.00991516,0.00991516,0.00991516,0.002996514322,0.002996514322,0.002996514322,0.002996514322,0.002996514322,0.0,0.0,0.0,0.0,0.0,0.0,0.0,0.0,0.0,0.0,0.0,0.0,0.0,0.0,0.0,0.0,62.0,1.0,1.0,1.0,1.0
1xpmKmLR2wm2hSJCnhsypmCB5d9HzsRG1,25,3,1.0,2.0,439588.0,441603.0,2015.0,3.0,439589.0,439588.0,2.0,0.05303398,0.0130105,0.02001174,0.01767799333,0.02001174,0.02001174,0.0,0.02001174,0.00667058,0.0,0.03302224,0.0,0.02001174,0.01100741333,0.0130105,0.00160084,0.00012224,0.00083112,0.0005336133333,0.00064748,0.0001285143537,1.74162329e-06,0.00012224,4.283811792e-05,4.532730455000001e-06,2015.0,1.0,2014.0,1007.5,1007.5,0.0,0.0,0.0,0.0,0.0,2015.0,2015.0,2015.0,2015.0,2015.0,0.0,3.0,1.0,1.0,1.0,1.0
1xpmKmLR2wm2hSJCnhsypmCB5d9HzsRG1,26,3,1.0,2.0,439588.0,441603.0,2015.0,3.0,439589.0,439588.0,2.0,0.05303398,0.0130105,0.02001174,0.01767799333,0.02001174,0.02001174,0.0,0.02001174,0.00667058,0.0,0.03302224,0.0,0.02001174,0.01100741333,0.0130105,0.00160084,0.00012224,0.00083112,0.0005336133333,0.00064748,0.0001285143537,1.74162329e-06,0.00012224,4.283811792e-05,4.532730455000001e-06,2015.0,1.0,2014.0,1007.5,1007.5,0.0,0.0,0.0,0.0,0.0,2015.0,2015.0,2015.0,2015.0,2015.0,0.0,3.0,1.0,1.0,1.0,1.0
37h9askPREuzsw66gSkzdg1x2KrTN4yRj5,16,3,164.0,0.0,421441.0,421447.0,6.0,164.0,421441.0,0.0,1.0,11.63297183,0.00194928,1.76136957,0.07093275506,0.01789131,11.63297183,0.00194928,1.76136957,0.07093275506,0.01789131,0.0,0.0,0.0,0.0,0.0,0.082,0.0005,0.0005,0.0005,0.0005,0.082,0.0005,0.0005,0.0005,0.0005,6.0,0.0,1.0,0.036809816,0.0,6.0,0.0,1.0,0.036809816,0.0,0.0,0.0,0.0,0.0,0.0,2.0,164.0,1.0,2.0,1.012345679,1.0
